id,naam,plaats,adres,lat,lon,omschrijving,omschrijving_en,foto_url,website,status,club_id
nieuwegein-down-under,Down Under,Nieuwegein,Recreatiegebied Down Under bij het strand,52.04911,5.12752,,,,,actief,ufo-utrecht
zwolle-hanekamp,Hanekamp,Zwolle,Hanekamp 57,52.51234,6.10758,,,,,actief,bluefingers-ultimate-zwolle
venlo-floriadeterrein,Floriadeterrein,Venlo,,51.40415,6.12222,,,,,actief,fg-de-scheive-schief-venlo
venlo-vikingpad,Vikingpad,Venlo,Vikingpad,51.35846,6.15225,,,,,actief,fg-de-scheive-schief-venlo
venlo-julianapark,Julianapark,Venlo,,51.36856,6.17474,,,,,actief,fg-de-scheive-schief-venlo
venlo-gulickstraat,Veldje Gulickstraat,Venlo,Gulickstraat,51.36977,6.18839,,,,,actief,fg-de-scheive-schief-venlo
utrecht-jeu-de-boules-bar,JEU de boules bar,Utrecht,Paardenveld 3,52.09511,5.11097,,,,,actief,ufo-utrecht
woerden-westdampark,Westdampark,Woerden,,52.08874,4.88259,,,,,actief,frisbeevereniging-woerden-woerden
woerden-de-boekentuin,De Boekentuin,Woerden,,52.08016,4.90465,,,,,actief,frisbeevereniging-woerden-woerden
woerden-wijkpark-molenvliet,Wijkpark Molenvliet,Woerden,,52.07479,4.86200,,,,,actief,frisbeevereniging-woerden-woerden
woerden-landgoed-bredius,Landgoed Bredius,Woerden,,52.09102,4.89300,,,,,actief,frisbeevereniging-woerden-woerden
veenendaal-house-of-bird,House of Bird,Veenendaal,,51.99349,5.55445,,,,,actief,veenendaal-tijgers-veenendaal
utrecht-haarrijnse-plas,Haarrijnse Plas,Utrecht,Strandboulevard (Haarrijn),52.11747,5.02624,,,,,actief,ufo-utrecht
loosdrecht-godelindelaan,Godelindelaan,Loosdrecht,Godelindelaan,52.19750,5.13806,,,,,actief,de-gooische-solarpunks-hilversum
hilversum-schans,Schans,Hilversum,Schans,52.23216,5.20107,,,,,actief,de-gooische-solarpunks-hilversum
kortenhoef-curtevenneschool,Curtevenneschool,Kortenhoef,Parklaan 3,52.24170,5.11338,,,,,actief,de-gooische-solarpunks-hilversum
hilversum-calisthenics-park-kerkelanden,Calisthenics park Kerkelanden,Hilversum,Kloosterlaan 9,52.21896,5.13696,,,,,actief,de-gooische-solarpunks-hilversum
hilversum-colosseum,Colosseum,Hilversum,Colosseum,52.21235,5.19237,,,,,actief,de-gooische-solarpunks-hilversum
hilversum-hoornboegsweg,Hoornboegsweg,Hilversum,Hoornboegsweg,52.20589,5.16796,,,,,actief,de-gooische-solarpunks-hilversum
hilversum-speeltuintje-oude-haven,Speeltuintje Oude Haven,Hilversum,Oude Haven,52.21986,5.16682,,,,,actief,de-gooische-solarpunks-hilversum
hilversum-speeltuin-stalpaertstraat,Speeltuin Stalpaertstraat,Hilversum,Stalpaertstraat,52.23984,5.18818,,,,,actief,de-gooische-solarpunks-hilversum
loosdrecht-speeltuin-geelvincklaan,Speeltuin Geelvincklaan,Loosdrecht,Lieve Geelvincklaan 11,52.19688,5.14141,,,,,actief,de-gooische-solarpunks-hilversum
hilversum-dudokpark,Dudokpark,Hilversum,,52.22822,5.16931,,,,,actief,de-gooische-solarpunks-hilversum
hilversum-speelplaats-neuweg,Speelplaats Neuweg,Hilversum,Neuweg 171,52.21793,5.17174,,,,,actief,de-gooische-solarpunks-hilversum
nederhorst-den-berg-speeltuin-de-vijnen,Speeltuin De Vijnen,Nederhorst den Berg,De Vijnen 32,52.25701,5.04583,,,,,actief,de-gooische-solarpunks-hilversum
